{"체험": {"M": {"아동": 0.9917621871,
   "10대": 0.9961922941,
   "20대": 0.9951525948,
   "30대": 1.0130759847,
   "40대": 1.0070223173,
   "50대": 0.9968213076,
   "60대": 0.9947722857,
   "70세 이상": 0.9859024078},
  "F": {"아동": 0.9915161997,
   "10대": 1.01034272,
   "20대": 1.0158560649,
   "30대": 1.0086600178,
   "40대": 1.0051028574,
   "50대": 0.9914114645,
   "60대": 0.9851815565,
   "70세 이상": 0.9909335311}},
 "아동": {"M": {"아동": 1.1168560339,
   "10대": 1.0596704423,
   "20대": 0.983084641,
   "30대": 0.9680533931,
   "40대": 1.0301767299,
   "50대": 1.0408005289,
   "60대": 1.0464527729,
   "70세 이상": 1.066029516},
  "F": {"아동": 1.1243766032,
   "10대": 0.981291806,
   "20대": 0.8009261868,
   "30대": 0.9291746061,
   "40대": 1.0002654418,
   "50대": 1.0107539362,
   "60대": 1.0198014368,
   "70세 이상": 1.1095573987}},
 "문화": {"M": {"아동": 0.95775877,
   "10대": 0.980836128,
   "20대": 1.0106661912,
   "30대": 1.010255616,
   "40대": 0.9876175241,
   "50대": 0.9834264322,
   "60대": 0.9919754545,
   "70세 이상": 1.0009529622},
  "F": {"아동": 0.9746908676,
   "10대": 1.014300021,
   "20대": 1.0582018712,
   "30대": 1.01686474,
   "40대": 0.9942912016,
   "50대": 0.9877837613,
   "60대": 0.9923699352,
   "70세 이상": 0.9910141516}},
 "먹거리": {"M": {"아동": 1.0236376556,
   "10대": 1.0305531683,
   "20대": 1.0527331968,
   "30대": 0.9963092603,
   "40대": 0.9918566643,
   "50대": 1.0091712029,
   "60대": 1.0110822026,
   "70세 이상": 0.9985592993},
  "F": {"아동": 0.993681924,
   "10대": 0.9672094128,
   "20대": 0.9542693295,
   "30대": 0.9679822504,
   "40대": 0.9833150305,
   "50대": 1.0072619728,
   "60대": 1.01937073,
   "70세 이상": 0.9942828105}},
 "자연": {"M": {"아동": 1.0380591212,
   "10대": 0.9135730438,
   "20대": 0.7615228945,
   "30대": 0.9505407688,
   "40대": 1.0927846224,
   "50대": 1.1375980193,
   "60대": 1.0794170006,
   "70세 이상": 0.994565876},
  "F": {"아동": 1.0439844192,
   "10대": 0.8930547595,
   "20대": 0.7380101119,
   "30대": 0.9609873797,
   "40대": 1.0400961267,
   "50대": 1.1035818151,
   "60대": 1.0628538709,
   "70세 이상": 0.9588483818}},
 "야간": {"M": {"아동": 0.9798795399,
   "10대": 0.979282793,
   "20대": 1.2336952998,
   "30대": 1.0349220429,
   "40대": 0.8515142065,
   "50대": 0.8107860885,
   "60대": 0.8850923169,
   "70세 이상": 0.9930383032},
  "F": {"아동": 0.9728416344,
   "10대": 1.0431340029,
   "20대": 1.3483443054,
   "30대": 1.1041307983,
   "40대": 0.9517273015,
   "50대": 0.9303353235,
   "60대": 1.0291220328,
   "70세 이상": 1.085852328}},
 "계절": {"M": {"아동": 1.2467972407,
   "10대": 1.2575486959,
   "20대": 0.9659901844,
   "30대": 0.8739666146,
   "40대": 1.0417729208,
   "50대": 1.0735432769,
   "60대": 0.9785749224,
   "70세 이상": 0.9793322032},
  "F": {"아동": 1.0849406941,
   "10대": 1.0262215092,
   "20대": 0.81459079,
   "30대": 0.9254503265,
   "40대": 1.0650999733,
   "50대": 1.0800818901,
   "60대": 0.9733699417,
   "70세 이상": 0.9302882155}}}