{
    "체험": {
        "M": {
            "아동": 0.986170217,
            "10대": 0.9962233689,
            "20대": 1.0031030024,
            "30대": 1.0207218136,
            "40대": 1.0141414738,
            "50대": 0.9985060003,
            "60대": 0.9893667824,
            "70세 이상": 0.9780767523
        },
        "F": {
            "아동": 0.9857188107,
            "10대": 1.0021246371,
            "20대": 1.0107896726,
            "30대": 1.0063649243,
            "40대": 1.0073632351,
            "50대": 0.9900044755,
            "60대": 0.981634374,
            "70세 이상": 0.9845197961
        }
    },
    "아동": {
        "M": {
            "아동": 1.1166642132,
            "10대": 1.0528059772,
            "20대": 0.9678169805,
            "30대": 0.9776153144,
            "40대": 1.0397506227,
            "50대": 1.0406324939,
            "60대": 1.0384315453,
            "70세 이상": 1.0552903904
        },
        "F": {
            "아동": 1.1318194062,
            "10대": 0.9827478427,
            "20대": 0.8104723455,
            "30대": 0.9436096991,
            "40대": 1.0064412853,
            "50대": 1.0104101955,
            "60대": 1.0106112745,
            "70세 이상": 1.0850120601
        }
    },
    "문화": {
        "M": {
            "아동": 0.9538346745,
            "10대": 0.9775801901,
            "20대": 1.0172231737,
            "30대": 1.0175308275,
            "40대": 0.9916906847,
            "50대": 0.9835204604,
            "60대": 0.9882861645,
            "70세 이상": 0.9963478214
        },
        "F": {
            "아동": 0.9711378351,
            "10대": 1.005737563,
            "20대": 1.0573530427,
            "30대": 1.0182397471,
            "40대": 0.9944731348,
            "50대": 0.9858937837,
            "60대": 0.9896269347,
            "70세 이상": 0.9857473858
        }
    },
    "먹거리": {
        "M": {
            "아동": 1.0316593077,
            "10대": 1.0287290256,
            "20대": 1.0470085337,
            "30대": 1.0037258101,
            "40대": 0.9972431542,
            "50대": 1.0078309415,
            "60대": 1.0048746282,
            "70세 이상": 0.9929418302
        },
        "F": {
            "아동": 1.0004957118,
            "10대": 0.9715740501,
            "20대": 0.9591683782,
            "30대": 0.9781959902,
            "40대": 0.9868011508,
            "50대": 1.002083966,
            "60대": 1.0130093096,
            "70세 이상": 0.985346444
        }
    },
    "자연": {
        "M": {
            "아동": 1.0309285944,
            "10대": 0.9155998049,
            "20대": 0.7626768847,
            "30대": 0.9449405127,
            "40대": 1.0960410036,
            "50대": 1.1452699356,
            "60대": 1.0840198491,
            "70세 이상": 0.9967836401
        },
        "F": {
            "아동": 1.0445680841,
            "10대": 0.8892042933,
            "20대": 0.7304763733,
            "30대": 0.9508659833,
            "40대": 1.0381760171,
            "50대": 1.1047604258,
            "60대": 1.063318403,
            "70세 이상": 0.9602193832
        }
    },
    "야간": {
        "M": {
            "아동": 0.9811940757,
            "10대": 0.9693700103,
            "20대": 1.249484811,
            "30대": 1.0469441689,
            "40대": 0.8513477413,
            "50대": 0.8069678653,
            "60대": 0.8800343132,
            "70세 이상": 0.9892532073
        },
        "F": {
            "아동": 0.9744855242,
            "10대": 1.0291762106,
            "20대": 1.3631778448,
            "30대": 1.1125599883,
            "40대": 0.9458430484,
            "50대": 0.9239915272,
            "60대": 1.0228546254,
            "70세 이상": 1.075755127
        }
    },
    "계절": {
        "M": {
            "아동": 1.2726909076,
            "10대": 1.2632054399,
            "20대": 0.9873651591,
            "30대": 0.8864022251,
            "40대": 1.0387185266,
            "50대": 1.0594500371,
            "60대": 0.9736571964,
            "70세 이상": 0.9804804335
        },
        "F": {
            "아동": 1.1023250527,
            "10대": 1.0225717891,
            "20대": 0.8339466675,
            "30대": 0.9430552546,
            "40대": 1.0594892605,
            "50대": 1.0549233259,
            "60대": 0.9674339928,
            "70세 이상": 0.941670024
        }
    }
}